Chile,De Arica y Parinacota,Arica,Arica
Chile,De Arica y Parinacota,Arica,Camarones
Chile,De Arica y Parinacota,Parinacota,Putre
Chile,De Arica y Parinacota,Parinacota,General Lagos
Chile,De Tarapacá,Iquique,Iquique
Chile,De Tarapacá,Tamarugal,Camiña
Chile,De Tarapacá,Tamarugal,Colchane
Chile,De Tarapacá,Tamarugal,Huara
Chile,De Tarapacá,Tamarugal,Pica
Chile,De Tarapacá,Tamarugal,Pozo Almonte
Chile,De Tarapacá,Iquique,Alto Hospicio
Chile,De Antofagasta,Antofagasta,Antofagasta
Chile,De Antofagasta,Antofagasta,Mejillones
Chile,De Antofagasta,Antofagasta,Sierra Gorda
Chile,De Antofagasta,Antofagasta,Taltal
Chile,De Antofagasta,El Loa,Calama
Chile,De Antofagasta,El Loa,Ollagüe
Chile,De Antofagasta,El Loa,San Pedro de Atacama
Chile,De Antofagasta,Tocopilla,Tocopilla
Chile,De Antofagasta,Tocopilla,María Elena
Chile,De Atacama,Copiapó,Copiapó
Chile,De Atacama,Copiapó,Caldera
Chile,De Atacama,Copiapó,Tierra Amarilla
Chile,De Atacama,Chañaral,Chañaral
Chile,De Atacama,Chañaral,Diego de Almagro
Chile,De Atacama,Huasco,Vallenar
Chile,De Atacama,Huasco,Alto del Carmen
Chile,De Atacama,Huasco,Freirina
Chile,De Atacama,Huasco,Huasco
Chile,De Coquimbo,Elqui,La Serena
Chile,De Coquimbo,Elqui,Coquimbo
Chile,De Coquimbo,Elqui,Andacollo
Chile,De Coquimbo,Elqui,La Higuera
Chile,De Coquimbo,Elqui,Paiguano
Chile,De Coquimbo,Elqui,Vicuña
Chile,De Coquimbo,Choapa,Illapel
Chile,De Coquimbo,Choapa,Canela
Chile,De Coquimbo,Choapa,Los Vilos
Chile,De Coquimbo,Choapa,Salamanca
Chile,De Coquimbo,Limari,Ovalle
Chile,De Coquimbo,Limari,Combarbalá
Chile,De Coquimbo,Limari,Monte Patria
Chile,De Coquimbo,Limari,Punitaqui
Chile,De Coquimbo,Limari,Río Hurtado
Chile,De Valparaíso,Valparaíso,Valparaíso
Chile,De Valparaíso,Valparaíso,Casablanca
Chile,De Valparaíso,Valparaíso,Concón
Chile,De Valparaíso,Valparaíso,Juan Fernández
Chile,De Valparaíso,Valparaíso,Puchuncaví
Chile,De Valparaíso,Marga Marga,Quilpué
Chile,De Valparaíso,Valparaíso,Quintero
Chile,De Valparaíso,Marga Marga,Villa Alemana
Chile,De Valparaíso,Valparaíso,Viña del Mar
Chile,De Valparaíso,Isla de Pascua,Isla  de Pascua
Chile,De Valparaíso,Los Andes,Los Andes
Chile,De Valparaíso,Los Andes,Calle Larga
Chile,De Valparaíso,Los Andes,Rinconada
Chile,De Valparaíso,Los Andes,San Esteban
Chile,De Valparaíso,Petorca,La Ligua
Chile,De Valparaíso,Petorca,Cabildo
Chile,De Valparaíso,Petorca,Papudo
Chile,De Valparaíso,Petorca,Petorca
Chile,De Valparaíso,Petorca,Zapallar
Chile,De Valparaíso,Quillota,Quillota
Chile,De Valparaíso,Quillota,Calera
Chile,De Valparaíso,Quillota,Hijuelas
Chile,De Valparaíso,Quillota,La Cruz
Chile,De Valparaíso,Marga Marga,Limache
Chile,De Valparaíso,Quillota,Nogales
Chile,De Valparaíso,Marga Marga,Olmué
Chile,De Valparaíso,San Antonio,San Antonio
Chile,De Valparaíso,San Antonio,Algarrobo
Chile,De Valparaíso,San Antonio,Cartagena
Chile,De Valparaíso,San Antonio,El Quisco
Chile,De Valparaíso,San Antonio,El Tabo
Chile,De Valparaíso,San Antonio,Santo Domingo
Chile,De Valparaíso,San Felipe,San Felipe
Chile,De Valparaíso,San Felipe,Catemu
Chile,De Valparaíso,San Felipe,Llaillay
Chile,De Valparaíso,San Felipe,Panquehue
Chile,De Valparaíso,San Felipe,Putaendo
Chile,De Valparaíso,San Felipe,Santa María
Chile,Del Libertador B. O'Higgins,Cachapoal,Rancagua
Chile,Del Libertador B. O'Higgins,Cachapoal,Codegua
Chile,Del Libertador B. O'Higgins,Cachapoal,Coinco
Chile,Del Libertador B. O'Higgins,Cachapoal,Coltauco
Chile,Del Libertador B. O'Higgins,Cachapoal,Doñihue
Chile,Del Libertador B. O'Higgins,Cachapoal,Graneros
Chile,Del Libertador B. O'Higgins,Cachapoal,Las Cabras
Chile,Del Libertador B. O'Higgins,Cachapoal,Machalí
Chile,Del Libertador B. O'Higgins,Cachapoal,Malloa
Chile,Del Libertador B. O'Higgins,Cachapoal,Mostazal
Chile,Del Libertador B. O'Higgins,Cachapoal,Olivar
Chile,Del Libertador B. O'Higgins,Cachapoal,Peumo
Chile,Del Libertador B. O'Higgins,Cachapoal,Pichidegua
Chile,Del Libertador B. O'Higgins,Cachapoal,Quinta de Tilcoco
Chile,Del Libertador B. O'Higgins,Cachapoal,Rengo
Chile,Del Libertador B. O'Higgins,Cachapoal,Requínoa
Chile,Del Libertador B. O'Higgins,Cachapoal,San Vicente
Chile,Del Libertador B. O'Higgins,Cardenal Caro,Pichilemu
Chile,Del Libertador B. O'Higgins,Cardenal Caro,La Estrella
Chile,Del Libertador B. O'Higgins,Cardenal Caro,Litueche
Chile,Del Libertador B. O'Higgins,Cardenal Caro,Marchihue
Chile,Del Libertador B. O'Higgins,Cardenal Caro,Navidad
Chile,Del Libertador B. O'Higgins,Cardenal Caro,Paredones
Chile,Del Libertador B. O'Higgins,Colchagua,San Fernando
Chile,Del Libertador B. O'Higgins,Colchagua,Chépica
Chile,Del Libertador B. O'Higgins,Colchagua,Chimbarongo
Chile,Del Libertador B. O'Higgins,Colchagua,Lolol
Chile,Del Libertador B. O'Higgins,Colchagua,Nancagua
Chile,Del Libertador B. O'Higgins,Colchagua,Palmilla
Chile,Del Libertador B. O'Higgins,Colchagua,Peralillo
Chile,Del Libertador B. O'Higgins,Colchagua,Placilla
Chile,Del Libertador B. O'Higgins,Colchagua,Pumanque
Chile,Del Libertador B. O'Higgins,Colchagua,Santa Cruz
Chile,Del Maule,Talca,Talca
Chile,Del Maule,Talca,Constitución
Chile,Del Maule,Talca,Curepto
Chile,Del Maule,Talca,Empedrado
Chile,Del Maule,Talca,Maule
Chile,Del Maule,Talca,Pelarco
Chile,Del Maule,Talca,Pencahue
Chile,Del Maule,Talca,Río Claro
Chile,Del Maule,Talca,San Clemente
Chile,Del Maule,Talca,San Rafael
Chile,Del Maule,Cauquenes,Cauquenes
Chile,Del Maule,Cauquenes,Chanco
Chile,Del Maule,Cauquenes,Pelluhue
Chile,Del Maule,Curico,Curicó
Chile,Del Maule,Curico,Hualañé
Chile,Del Maule,Curico,Licantén
Chile,Del Maule,Curico,Molina
Chile,Del Maule,Curico,Rauco
Chile,Del Maule,Curico,Romeral
Chile,Del Maule,Curico,Sagrada Familia
Chile,Del Maule,Curico,Teno
Chile,Del Maule,Curico,Vichuquén
Chile,Del Maule,Linares,Linares
Chile,Del Maule,Linares,Colbún
Chile,Del Maule,Linares,Longaví
Chile,Del Maule,Linares,Parral
Chile,Del Maule,Linares,Retiro
Chile,Del Maule,Linares,San Javier
Chile,Del Maule,Linares,Villa Alegre
Chile,Del Maule,Linares,Yerbas Buenas
Chile,Del Bíobío,Concepción,Concepción
Chile,Del Bíobío,Concepción,Coronel
Chile,Del Bíobío,Concepción,Chiguayante
Chile,Del Bíobío,Concepción,Florida
Chile,Del Bíobío,Concepción,Hualqui
Chile,Del Bíobío,Concepción,Lota
Chile,Del Bíobío,Concepción,Penco
Chile,Del Bíobío,Concepción,San Pedro de la Paz
Chile,Del Bíobío,Concepción,Santa Juana
Chile,Del Bíobío,Concepción,Talcahuano
Chile,Del Bíobío,Concepción,Tomé
Chile,Del Bíobío,Concepción,Hualpén
Chile,Del Bíobío,Arauco,Lebu
Chile,Del Bíobío,Arauco,Arauco
Chile,Del Bíobío,Arauco,Cañete
Chile,Del Bíobío,Arauco,Contulmo
Chile,Del Bíobío,Arauco,Curanilahue
Chile,Del Bíobío,Arauco,Los Álamos
Chile,Del Bíobío,Arauco,Tirúa
Chile,Del Bíobío,Bío- Bío,Los Ángeles
Chile,Del Bíobío,Bío- Bío,Antuco
Chile,Del Bíobío,Bío- Bío,Cabrero
Chile,Del Bíobío,Bío- Bío,Laja
Chile,Del Bíobío,Bío- Bío,Mulchén
Chile,Del Bíobío,Bío- Bío,Nacimiento
Chile,Del Bíobío,Bío- Bío,Negrete
Chile,Del Bíobío,Bío- Bío,Quilaco
Chile,Del Bíobío,Bío- Bío,Quilleco
Chile,Del Bíobío,Bío- Bío,San Rosendo
Chile,Del Bíobío,Bío- Bío,Santa Bárbara
Chile,Del Bíobío,Bío- Bío,Tucapel
Chile,Del Bíobío,Bío- Bío,Yumbel
Chile,Del Bíobío,Bío- Bío,Alto Biobío
Chile,Del Bíobío,Ñuble,Chillán
Chile,Del Bíobío,Ñuble,Bulnes
Chile,Del Bíobío,Ñuble,Cobquecura
Chile,Del Bíobío,Ñuble,Coelemu
Chile,Del Bíobío,Ñuble,Coihueco
Chile,Del Bíobío,Ñuble,Chillán Viejo
Chile,Del Bíobío,Ñuble,El Carmen
Chile,Del Bíobío,Ñuble,Ninhue
Chile,Del Bíobío,Ñuble,Ñiquén
Chile,Del Bíobío,Ñuble,Pemuco
Chile,Del Bíobío,Ñuble,Pinto
Chile,Del Bíobío,Ñuble,Portezuelo
Chile,Del Bíobío,Ñuble,Quillón
Chile,Del Bíobío,Ñuble,Quirihue
Chile,Del Bíobío,Ñuble,Ránquil
Chile,Del Bíobío,Ñuble,San Carlos
Chile,Del Bíobío,Ñuble,San Fabián
Chile,Del Bíobío,Ñuble,San Ignacio
Chile,Del Bíobío,Ñuble,San Nicolás
Chile,Del Bíobío,Ñuble,Treguaco
Chile,Del Bíobío,Ñuble,Yungay
Chile,De La Araucanía,Cautín,Temuco
Chile,De La Araucanía,Cautín,Carahue
Chile,De La Araucanía,Cautín,Cunco
Chile,De La Araucanía,Cautín,Curarrehue
Chile,De La Araucanía,Cautín,Freire
Chile,De La Araucanía,Cautín,Galvarino
Chile,De La Araucanía,Cautín,Gorbea
Chile,De La Araucanía,Cautín,Lautaro
Chile,De La Araucanía,Cautín,Loncoche
Chile,De La Araucanía,Cautín,Melipeuco
Chile,De La Araucanía,Cautín,Nueva Imperial
Chile,De La Araucanía,Cautín,Padre Las Casas
Chile,De La Araucanía,Cautín,Perquenco
Chile,De La Araucanía,Cautín,Pitrufquén
Chile,De La Araucanía,Cautín,Pucón
Chile,De La Araucanía,Cautín,Saavedra
Chile,De La Araucanía,Cautín,Teodoro Schmidt
Chile,De La Araucanía,Cautín,Toltén
Chile,De La Araucanía,Cautín,Vilcún
Chile,De La Araucanía,Cautín,Villarrica
Chile,De La Araucanía,Cautín,Cholchol
Chile,De La Araucanía,Malleco,Angol
Chile,De La Araucanía,Malleco,Collipulli
Chile,De La Araucanía,Malleco,Curacautín
Chile,De La Araucanía,Malleco,Ercilla
Chile,De La Araucanía,Malleco,Lonquimay
Chile,De La Araucanía,Malleco,Los Sauces
Chile,De La Araucanía,Malleco,Lumaco
Chile,De La Araucanía,Malleco,Purén
Chile,De La Araucanía,Malleco,Renaico
Chile,De La Araucanía,Malleco,Traiguén
Chile,De La Araucanía,Malleco,Victoria
Chile,De Los Ríos,Valdivia,Valdivia
Chile,De Los Ríos,Valdivia,Corral
Chile,De Los Ríos,Ranco,Futrono
Chile,De Los Ríos,Ranco,La Unión
Chile,De Los Ríos,Ranco,Lago Ranco
Chile,De Los Ríos,Valdivia,Lanco
Chile,De Los Ríos,Valdivia,Los Lagos
Chile,De Los Ríos,Valdivia,Máfil
Chile,De Los Ríos,Valdivia,Mariquina
Chile,De Los Ríos,Valdivia,Paillaco
Chile,De Los Ríos,Valdivia,Panguipulli
Chile,De Los Ríos,Ranco,Río Bueno
Chile,De Los Lagos,Llanquihue,Puerto Montt
Chile,De Los Lagos,Llanquihue,Calbuco
Chile,De Los Lagos,Llanquihue,Cochamó
Chile,De Los Lagos,Llanquihue,Fresia
Chile,De Los Lagos,Llanquihue,Frutillar
Chile,De Los Lagos,Llanquihue,Los Muermos
Chile,De Los Lagos,Llanquihue,Llanquihue
Chile,De Los Lagos,Llanquihue,Maullín
Chile,De Los Lagos,Llanquihue,Puerto Varas
Chile,De Los Lagos,Chiloe,Castro
Chile,De Los Lagos,Chiloe,Ancud
Chile,De Los Lagos,Chiloe,Chonchi
Chile,De Los Lagos,Chiloe,Curaco de Vélez
Chile,De Los Lagos,Chiloe,Dalcahue
Chile,De Los Lagos,Chiloe,Puqueldón
Chile,De Los Lagos,Chiloe,Queilén
Chile,De Los Lagos,Chiloe,Quellón
Chile,De Los Lagos,Chiloe,Quemchi
Chile,De Los Lagos,Chiloe,Quinchao
Chile,De Los Lagos,Osorno,Osorno
Chile,De Los Lagos,Osorno,Puerto Octay
Chile,De Los Lagos,Osorno,Purranque
Chile,De Los Lagos,Osorno,Puyehue
Chile,De Los Lagos,Osorno,Río Negro
Chile,De Los Lagos,Osorno,San Juan de la Costa
Chile,De Los Lagos,Osorno,San Pablo
Chile,De Los Lagos,Palena,Chaitén
Chile,De Los Lagos,Palena,Futaleufú
Chile,De Los Lagos,Palena,Hualaihué
Chile,De Los Lagos,Palena,Palena
Chile,De Aisén del Gral. C. Ibáñez del Campo,Coihaique,Coihaique
Chile,De Aisén del Gral. C. Ibáñez del Campo,Coihaique,Lago Verde
Chile,De Aisén del Gral. C. Ibáñez del Campo,Aisén,Aisén
Chile,De Aisén del Gral. C. Ibáñez del Campo,Aisén,Cisnes
Chile,De Aisén del Gral. C. Ibáñez del Campo,Aisén,Guaitecas
Chile,De Aisén del Gral. C. Ibáñez del Campo,Capitan Prat,Cochrane
Chile,De Aisén del Gral. C. Ibáñez del Campo,Capitan Prat,O'Higgins
Chile,De Aisén del Gral. C. Ibáñez del Campo,Capitan Prat,Tortel
Chile,De Aisén del Gral. C. Ibáñez del Campo,General Carrera,Chile Chico
Chile,De Aisén del Gral. C. Ibáñez del Campo,General Carrera,Río Ibáñez
Chile,De Magallanes y de La Antártica Chilena,Magallanes,Punta Arenas
Chile,De Magallanes y de La Antártica Chilena,Magallanes,Laguna Blanca
Chile,De Magallanes y de La Antártica Chilena,Magallanes,Río Verde
Chile,De Magallanes y de La Antártica Chilena,Magallanes,San Gregorio
Chile,De Magallanes y de La Antártica Chilena,Antártica Chilena,Cabo de Hornos
Chile,De Magallanes y de La Antártica Chilena,Antártica Chilena,Antártica
Chile,De Magallanes y de La Antártica Chilena,Tierra del Fuego,Porvenir
Chile,De Magallanes y de La Antártica Chilena,Tierra del Fuego,Primavera
Chile,De Magallanes y de La Antártica Chilena,Tierra del Fuego,Timaukel
Chile,De Magallanes y de La Antártica Chilena,Ultima Esperanza,Natales
Chile,De Magallanes y de La Antártica Chilena,Ultima Esperanza,Torres del Paine
Chile,Metropolitana de Santiago,Santiago,Santiago
Chile,Metropolitana de Santiago,Santiago,Cerrillos
Chile,Metropolitana de Santiago,Santiago,Cerro Navia
Chile,Metropolitana de Santiago,Santiago,Conchalí
Chile,Metropolitana de Santiago,Santiago,El Bosque
Chile,Metropolitana de Santiago,Santiago,Estación Central
Chile,Metropolitana de Santiago,Santiago,Huechuraba
Chile,Metropolitana de Santiago,Santiago,Independencia
Chile,Metropolitana de Santiago,Santiago,La Cisterna
Chile,Metropolitana de Santiago,Santiago,La Florida
Chile,Metropolitana de Santiago,Santiago,La Granja
Chile,Metropolitana de Santiago,Santiago,La Pintana
Chile,Metropolitana de Santiago,Santiago,La Reina
Chile,Metropolitana de Santiago,Santiago,Las Condes
Chile,Metropolitana de Santiago,Santiago,Lo Barnechea
Chile,Metropolitana de Santiago,Santiago,Lo Espejo
Chile,Metropolitana de Santiago,Santiago,Lo Prado
Chile,Metropolitana de Santiago,Santiago,Macul
Chile,Metropolitana de Santiago,Santiago,Maipú
Chile,Metropolitana de Santiago,Santiago,Ñuñoa
Chile,Metropolitana de Santiago,Santiago,Pedro Aguirre Cerda
Chile,Metropolitana de Santiago,Santiago,Peñalolén
Chile,Metropolitana de Santiago,Santiago,Providencia
Chile,Metropolitana de Santiago,Santiago,Pudahuel
Chile,Metropolitana de Santiago,Santiago,Quilicura
Chile,Metropolitana de Santiago,Santiago,Quinta Normal
Chile,Metropolitana de Santiago,Santiago,Recoleta
Chile,Metropolitana de Santiago,Santiago,Renca
Chile,Metropolitana de Santiago,Santiago,San Joaquín
Chile,Metropolitana de Santiago,Santiago,San Miguel
Chile,Metropolitana de Santiago,Santiago,San Ramón
Chile,Metropolitana de Santiago,Santiago,Vitacura
Chile,Metropolitana de Santiago,Cordillera,Puente Alto
Chile,Metropolitana de Santiago,Cordillera,Pirque
Chile,Metropolitana de Santiago,Cordillera,San José de Maipo
Chile,Metropolitana de Santiago,Chacabuco,Colina
Chile,Metropolitana de Santiago,Chacabuco,Lampa
Chile,Metropolitana de Santiago,Chacabuco,Tiltil
Chile,Metropolitana de Santiago,Maipo,San Bernardo
Chile,Metropolitana de Santiago,Maipo,Buin
Chile,Metropolitana de Santiago,Maipo,Calera de Tango
Chile,Metropolitana de Santiago,Maipo,Paine
Chile,Metropolitana de Santiago,Melipilla,Melipilla
Chile,Metropolitana de Santiago,Melipilla,Alhué
Chile,Metropolitana de Santiago,Melipilla,Curacaví
Chile,Metropolitana de Santiago,Melipilla,María Pinto
Chile,Metropolitana de Santiago,Melipilla,San Pedro
Chile,Metropolitana de Santiago,Talagante,Talagante
Chile,Metropolitana de Santiago,Talagante,El Monte
Chile,Metropolitana de Santiago,Talagante,Isla de Maipo
Chile,Metropolitana de Santiago,Talagante,Padre Hurtado
Chile,Metropolitana de Santiago,Talagante,Peñaflor
Chile,Ignorada,Ignorada,Ignorada
Argentina,,,
Bahamas,,,
Barbados,,,
Belice,,,
Brasil,,,
Costa Rica,,,
Ecuador,,,
El Salvador,,,
Guatemala,,,
Honduras,,,
Panamá,,,
Perú,,,
República Dominicana,,,
Suriname,,,
Uruguay,,,
